DELETE FROM faqs;

INSERT INTO `faqs` (`id`, `status`, `order`, `created_at`, `updated_at`) VALUES
(1, 1, NULL, NOW(), NOW()),
(2, 1, NULL, NOW(), NOW()),
(3, 1, NULL, NOW(), NOW()),
(4, 1, NULL, NOW(), NOW()),
(5, 1, NULL, NOW(), NOW()),
(6, 1, NULL, NOW(), NOW()),
(7, 1, NULL, NOW(), NOW()),
(8, 1, NULL, NOW(), NOW()),
(9, 1, NULL, NOW(), NOW()),
(10, 1, NULL, NOW(), NOW());

INSERT INTO `faq_translations` (`id`, `faq_id`, `locale`, `question`, `answer`, `created_at`, `updated_at`) VALUES
(1, 1, 'English---us', 'What is Credit Lite?', 
'Credit Lite is a SaaS multi-branch co-operative credit union solution designed to help credit unions, co-operatives, and financial institutions manage accounts, loans, deposits, withdrawals, and online transactions efficiently.', NOW(), NOW()),

(2, 2, 'English---us', 'How does Credit Lite handle different account types?', 
'Credit Lite supports various account types, including savings accounts, fixed deposits, and member accounts, allowing institutions to customize financial services for their users.', NOW(), NOW()),

(3, 3, 'English---us', 'Can Credit Lite manage loans for members?', 
'Yes, Credit Lite features a loan management module that enables credit unions to issue loans, track repayments, set interest rates, and automate loan deductions from member accounts.', NOW(), NOW()),

(4, 4, 'English---us', 'Does Credit Lite have a member portal?', 
'Yes, Credit Lite provides a self-service member portal where members can check their balances, apply for loans, view transactions, and manage their financial activities online.', NOW(), NOW()),

(5, 5, 'English---us', 'How does Credit Lite handle deposits and withdrawals?', 
'Credit Lite allows credit unions to process member deposits and withdrawals securely, track transactions, and generate real-time financial reports.', NOW(), NOW()),

(6, 6, 'English---us', 'Can I integrate Credit Lite with online payment gateways?', 
'Yes, Credit Lite supports online payment gateway integrations, enabling members to deposit funds, repay loans, and withdraw money using digital payment methods.', NOW(), NOW()),

(7, 7, 'English---us', 'Is Credit Lite suitable for multi-branch credit unions?', 
'Absolutely! Credit Lite is designed to support multi-branch operations, allowing administrators to manage multiple branches from a single system while maintaining separate financial records.', NOW(), NOW()),

(8, 8, 'English---us', 'How secure is the data in Credit Lite?', 
'Credit Lite ensures data security with advanced encryption, regular backups, and secure cloud storage, protecting sensitive financial and member information.', NOW(), NOW()),

(9, 9, 'English---us', 'Can I integrate Credit Lite with third-party software?', 
'Yes, Credit Lite allows integration with accounting tools, banking systems, and other financial software to enhance operational efficiency.', NOW(), NOW()),

(10, 10, 'English---us', 'How do I get started with Credit Lite?', 
'Simply sign up for Credit Lite, choose a plan that suits your organization’s needs, and start managing your co-operative credit union operations seamlessly.', NOW(), NOW());


DELETE FROM features;

INSERT INTO `features` (`id`, `icon`, `status`, `order`, `created_at`, `updated_at`) VALUES
(1, '<i class=\"bi bi-1-circle\"></i>', 1, NULL, NOW(), NOW()),
(2, '<i class=\"bi bi-2-circle\"></i>', 1, NULL, NOW(), NOW()),
(3, '<i class=\"bi bi-3-circle\"></i>', 1, NULL, NOW(), NOW()),
(4, '<i class=\"bi bi-4-circle\"></i>', 1, NULL, NOW(), NOW()),
(5, '<i class=\"bi bi-5-circle\"></i>', 1, NULL, NOW(), NOW()),
(6, '<i class=\"bi bi-6-circle\"></i>', 1, NULL, NOW(), NOW()),
(7, '<i class=\"bi bi-7-circle\"></i>', 1, NULL, NOW(), NOW()),
(8, '<i class=\"bi bi-8-circle\"></i>', 1, NULL, NOW(), NOW()),
(9, '<i class=\"bi bi-9-circle\"></i>', 1, NULL, NOW(), NOW());

INSERT INTO `feature_translations` (`id`, `feature_id`, `locale`, `title`, `content`, `created_at`, `updated_at`) VALUES
(1, 1, 'English---us', 'Multi-Branch Management', 
'Manage multiple credit union branches from a centralized platform with separate financial records and reports.', NOW(), NOW()),

(2, 2, 'English---us', 'Member Account Management', 
'Create and manage various member account types, including savings, fixed deposits, and loan accounts.', NOW(), NOW()),

(3, 3, 'English---us', 'Loan Management', 
'Issue, track, and automate loan repayments with flexible interest rates and repayment schedules.', NOW(), NOW()),

(4, 4, 'English---us', 'Deposits & Withdrawals', 
'Enable members to deposit and withdraw funds securely with real-time transaction tracking.', NOW(), NOW()),

(5, 5, 'English---us', 'Online Payment Integration', 
'Integrate with online payment gateways to facilitate digital transactions for deposits and loan repayments.', NOW(), NOW()),

(6, 6, 'English---us', 'Automated Financial Reports', 
'Generate real-time reports for transactions, member accounts, and loan summaries for better decision-making.', NOW(), NOW()),

(7, 7, 'English---us', 'Expense & Fund Management', 
'Track expenses, manage operational funds, and ensure accurate financial records.', NOW(), NOW()),

(8, 8, 'English---us', 'Security & Data Protection', 
'Ensure member data security with encryption, user access controls, and regular backups.', NOW(), NOW()),

(9, 9, 'English---us', 'Member Self-Service Portal', 
'Empower members with an online portal to check balances, apply for loans, and view transaction history.', NOW(), NOW());

DELETE FROM packages;

INSERT INTO `packages` 
(`id`, `name`, `package_type`, `cost`, `status`, `is_popular`, `discount`, `trial_days`, `user_limit`, `member_limit`, `branch_limit`, `account_type_limit`, `account_limit`, `member_portal`, `others`, `created_at`, `updated_at`) VALUES
(1, 'Basic', 'monthly', 10.00, 1, 0, 0.00, 14, 1, 50, 0, 1, 50, 1, NULL, '2025-02-18 22:24:58', '2025-02-18 22:24:58'),
(2, 'Basic', 'yearly', 100.00, 1, 0, 0.00, 14, 1, 50, 0, 1, 50, 1, NULL, '2025-02-18 22:25:47', '2025-02-18 22:25:47'),
(3, 'Standard', 'monthly', 20.00, 1, 1, 0.00, 14, 5, 100, 3, 3, 300, 1, NULL, '2025-02-18 22:26:23', '2025-02-18 22:26:23'),
(4, 'Standard', 'yearly', 200.00, 1, 1, 0.00, 14, 5, 100, 3, 3, 300, 1, NULL, '2025-02-18 22:26:53', '2025-02-18 22:26:53'),
(5, 'Professional', 'monthly', 30.00, 1, 0, 0.00, 14, 20, 500, 5, 10, 2000, 1, NULL, '2025-02-18 22:28:33', '2025-02-18 22:28:33'),
(6, 'Professional', 'yearly', 300.00, 1, 0, 0.00, 14, 20, 500, 5, 10, 2000, 1, NULL, '2025-02-18 22:29:03', '2025-02-19 22:21:42'),
(7, 'Lifetime Gold', 'lifetime', 499.00, 1, 0, 0.00, 14, -1, -1, -1, -1, -1, 1, NULL, '2025-02-18 22:30:36', '2025-02-18 22:30:36');


DELETE FROM posts;

INSERT INTO `posts` (`id`, `slug`, `image`, `status`, `created_user_id`, `created_at`, `updated_at`) VALUES
(1, 'there-are-many-variations-of-passages-of-lorem-ipsum-available', 'default.png', 1, 1, '2023-04-24 08:05:19', '2023-04-24 08:05:19'),
(2, 'it-is-a-long-established-fact-that-a-reader-will-be-distracted', 'default.png', 1, 1, '2023-04-24 08:06:20', '2023-04-24 08:06:20'),
(3, 'where-does-it-come-from-', 'default.png', 1, 1, '2023-04-24 08:06:46', '2023-04-24 08:06:46');


INSERT INTO `post_translations` (`id`, `post_id`, `locale`, `title`, `short_description`, `content`, `created_at`, `updated_at`) VALUES
(1, 1, 'English---us', 'There are many variations of passages of Lorem Ipsum available', 'Lorem Ipsum is simply dummy text of the printing and typesetting industry. Lorem Ipsum has been the industry\'s standard dummy text ever since the 1500s, when an unknown printer took a galley of type and scrambled it to make a type specimen book.', '<p><strong>Lorem Ipsum</strong> is simply dummy text of the printing and typesetting industry. Lorem Ipsum has been the industry\'s standard dummy text ever since the 1500s, when an unknown printer took a galley of type and scrambled it to make a type specimen book. It has survived not only five centuries, but also the leap into electronic typesetting, remaining essentially unchanged.</p>\r\n<p>It was popularised in the 1960s with the release of Letraset sheets containing Lorem Ipsum passages, and more recently with desktop publishing software like Aldus PageMaker including versions of Lorem Ipsum.</p>', '2023-04-24 08:05:19', '2023-04-24 08:05:19'),
(2, 2, 'English---us', 'It is a long established fact that a reader will be distracted', 'It is a long established fact that a reader will be distracted by the readable content of a page when looking at its layout. The point of using Lorem Ipsum is that it has a more-or-less normal distribution of letters, as opposed to using \'Content here', '<p>It is a long established fact that a reader will be distracted by the readable content of a page when looking at its layout. The point of using Lorem Ipsum is that it has a more-or-less normal distribution of letters, as opposed to using \'Content here, content here\', making it look like readable English. Many desktop publishing packages and web page editors now use Lorem Ipsum as their default model text, and a search for \'lorem ipsum\' will uncover many web sites still in their infancy. Various versions have evolved over the years, sometimes by accident, sometimes on purpose (injected humour and the like).</p>\r\n<p> </p>\r\n<p>There are many variations of passages of Lorem Ipsum available, but the majority have suffered alteration in some form, by injected humour, or randomised words which don\'t look even slightly believable.</p>', '2023-04-24 08:06:20', '2023-04-24 08:06:20'),
(3, 3, 'English---us', 'Where does it come from?', 'Contrary to popular belief, Lorem Ipsum is not simply random text. It has roots in a piece of classical Latin literature from 45 BC, making it over 2000 years old. Richard McClintock, a Latin professor at Hampden-Sydney College in Virginia, looked up one of the more obscure Latin words, consectetur', '<p>Contrary to popular belief, Lorem Ipsum is not simply random text. It has roots in a piece of classical Latin literature from 45 BC, making it over 2000 years old. Richard McClintock, a Latin professor at Hampden-Sydney College in Virginia, looked up one of the more obscure Latin words, consectetur, from a Lorem Ipsum passage, and going through the cites of the word in classical literature, discovered the undoubtable source. Lorem Ipsum comes from sections 1.10.32 and 1.10.33 of \"de Finibus Bonorum et Malorum\" (The Extremes of Good and Evil) by Cicero, written in 45 BC. This book is a treatise on the theory of ethics, very popular during the Renaissance. The first line of Lorem Ipsum, \"Lorem ipsum dolor sit amet..\", comes from a line in section 1.10.32.</p>\r\n<p>The standard chunk of Lorem Ipsum used since the 1500s is reproduced below for those interested. Sections 1.10.32 and 1.10.33 from \"de Finibus Bonorum et Malorum\" by Cicero are also reproduced in their exact original form, accompanied by English versions from the 1914 translation by H. Rackham.</p>', '2023-04-24 08:06:46', '2023-04-24 08:06:46');

DELETE FROM teams;

INSERT INTO `teams` (`id`, `image`, `created_at`, `updated_at`) VALUES
(1, 'default/client-placeholder.png', '2023-04-21 15:51:25', '2023-04-24 10:43:04'),
(2, 'default/client-placeholder.png', '2023-04-24 10:43:54', '2023-04-24 10:43:54'),
(3, 'default/client-placeholder.png', '2023-04-24 10:44:15', '2023-04-24 10:44:15');


INSERT INTO `team_translations` (`id`, `team_id`, `locale`, `name`, `role`, `description`, `created_at`, `updated_at`) VALUES
(1, 1, 'English---us', 'Jhon Doe', 'Founder & CEO', 'Serial angel investor and entrepreneur, Jack has founded multiple successful startups prior to Sigma.', '2023-04-21 15:51:25', '2023-04-24 10:41:11'),
(2, 2, 'English---us', 'Robert Costa', 'Technical Director', 'Serial angel investor and entrepreneur, Jack has founded multiple successful startups prior to Sigma.', '2023-04-24 10:43:54', '2023-04-24 10:43:54'),
(3, 3, 'English---us', 'Holly Lee', 'Support Enginner', 'Serial angel investor and entrepreneur, Jack has founded multiple successful startups prior to Sigma.', '2023-04-24 10:44:15', '2023-04-24 10:44:15');

DELETE FROM testimonials;

INSERT INTO `testimonials` (`id`, `image`, `created_at`, `updated_at`) VALUES
(1, 'default/client-placeholder.png', '2023-04-21 15:26:57', '2023-04-24 08:30:51'),
(2, 'default/client-placeholder.png', '2023-04-24 08:24:31', '2023-04-24 08:31:06'),
(3, 'default/client-placeholder.png', '2023-04-24 08:25:20', '2023-04-24 08:31:13'),
(4, 'default/client-placeholder.png', '2023-04-24 08:29:09', '2023-04-24 08:31:21');


INSERT INTO `testimonial_translations` (`id`, `testimonial_id`, `locale`, `name`, `testimonial`, `created_at`, `updated_at`) VALUES
(1, 1, 'English---us', 'Jhon Doe', 'Lorem Ipsum is simply dummy text of the printing and typesetting industry.', '2023-04-21 15:26:57', '2023-04-21 15:26:57'),
(2, 2, 'English---us', 'Jack Johnston', 'Lorem Ipsum is simply dummy text of the printing and typesetting industry.', '2023-04-24 08:24:31', '2023-04-24 08:24:31'),
(3, 3, 'English---us', 'Axar Patel', 'Lorem Ipsum is simply dummy text of the printing and typesetting industry.', '2023-04-24 08:25:20', '2023-04-24 08:25:20'),
(4, 4, 'English---us', 'Kathrina', 'Lorem Ipsum is simply dummy text of the printing and typesetting industry.', '2023-04-24 08:29:09', '2023-04-24 08:29:09');


INSERT INTO `settings` (`id`, `name`, `value`, `created_at`, `updated_at`) VALUES
(101, 'home_page', '{\"title\":\"Home\",\"hero_heading\":\"Welcome to Credit Lite<br> Smart Co-Operative Solution\",\"hero_sub_heading\":\"It is a long established fact that a reader will be distracted by the readable content of a page when looking at its layout.\",\"get_started_text\":\"Get Started\",\"get_started_link\":\"\",\"features_status\":\"1\",\"features_heading\":\"Explore Our Features\",\"features_sub_heading\":\"There are many variations of passages of Lorem Ipsum available, but the majority have suffered alteration in some form.\",\"pricing_status\":\"1\",\"pricing_heading\":\"Check Our Pricing\",\"pricing_sub_heading\":\"Best pricing plan for all level of customers. Choose the best one for your business.\",\"blog_status\":\"1\",\"blog_heading\":\"Recent posts form our Blog\",\"blog_sub_heading\":\"There are many variations of passages of Lorem Ipsum available, but the majority have suffered alteration in some form.\",\"testimonials_status\":\"1\",\"testimonials_heading\":\"What Customers Say About Us\",\"testimonials_sub_heading\":\"There are many variations of passages of Lorem Ipsum available, but the majority have suffered alteration in some form.\",\"newsletter_status\":\"1\",\"newsletter_heading\":\"Subscribe Our Newsletter\",\"newsletter_sub_heading\":\"We care about privacy, and will never share your data.\"}', '2023-04-22 10:50:19', '2023-05-19 17:03:23'),
(102, 'about_page', '{\"title\":\"About Us\",\"section_1_heading\":\"What is Credit Lite?\",\"section_1_content\":\"<p>Lorem ipsum dolor sit amet, consectetur adipisicing elit, sed do eiusmod tempor incididunt ut labore et dolore magna aliqua. Ut enim ad minim veniam, quis nostrud exercitation ullamco laboris nisi ut aliquip ex ea commodo consequat. Duis aute irure dolor in reprehenderit in voluptate velit esse cillum dolore eu fugiat nulla pariatur.<\\/p>\\r\\n<p>Ut enim ad minim veniam, quis nostrud exercitation ullamco laboris nisi ut aliquip ex ea commodo consequat. Duis aute irure dolor in reprehenderit in voluptate velit esse cillum dolore eu fugiat nulla pariatur.<\\/p>\",\"section_2_heading\":\"Who We Are?\",\"section_2_content\":\"<p class=\\\"lead\\\">Insight loan advisors is completely independent loan advising service and our directory of lenders gives you all the information lorem ipsums sitamets.<\\/p>\\r\\n<div class=\\\"content\\\">Lorem ipsum dolor sit amet, consectetur adipiscing elit. Consv peent esque urna. Ac eu fringilla intea dger egadv estas ut. Sed vulutate aenean nunc quis a urna morbi id vitae. Vulpuate nisl<\\/div>\",\"section_3_heading\":\"What We Offer?\",\"section_3_content\":\"<p class=\\\"lead\\\">Our loan sanction is one of the quicke with eas documentation and doorstep lorem ipsum serviceullam dolor sitisi.<\\/p>\\r\\n<div class=\\\"content\\\">\\r\\n<ul>\\r\\n<li>Habit building in essential steps choose habit<\\/li>\\r\\n<li>Get an overview of Habit Calendars Latest Posts<\\/li>\\r\\n<li>Start building habit with Habitify on platform<\\/li>\\r\\n<\\/ul>\\r\\n<\\/div>\",\"team_status\":\"1\",\"team_heading\":\"People Behind Us\",\"team_sub_heading\":\"There are many variations of passages of Lorem Ipsum available, but the majority have suffered alteration in some form.\"}', '2023-04-23 14:51:55', '2023-04-23 14:59:05'),
(103, 'pricing_page', '{\"title\":\"Pricing\",\"pricing_heading\":\"Check Our Pricing\",\"pricing_sub_heading\":\"Best pricing plan for all level of customers. Choose the best one for your business.\"}', '2023-04-23 15:03:41', '2023-04-24 10:49:49'),
(104, 'features_page', '{\"title\":\"Features\",\"features_status\":\"1\",\"features_heading\":\"Explore Our Features\",\"features_sub_heading\":\"There are many variations of passages of Lorem Ipsum available, but the majority have suffered alteration in some form.\"}', '2023-04-23 15:04:16', '2023-04-23 15:04:16'),
(105, 'blogs_page', '{\"title\":\"Blogs\",\"blogs_status\":\"1\",\"blogs_heading\":\"Recent posts form our Blog\",\"blogs_sub_heading\":\"There are many variations of passages of Lorem Ipsum available, but the majority have suffered alteration in some form.\"}', '2023-04-23 15:06:31', '2023-04-23 15:06:31'),
(106, 'feq_page', '{\"title\":\"FAQ\",\"features_status\":\"1\",\"features_heading\":\"Frequently Asked Questions\",\"features_sub_heading\":\"There are many variations of passages of Lorem Ipsum available, but the majority have suffered alteration in some form.\"}', '2023-04-23 15:08:17', '2023-04-23 15:08:17'),
(107, 'faq_page', '{\"title\":\"FAQ\",\"faq_status\":\"1\",\"faq_heading\":\"Frequently Asked Questions\",\"faq_sub_heading\":\"There are many variations of passages of Lorem Ipsum available, but the majority have suffered alteration in some form.\"}', '2023-04-23 15:10:21', '2023-04-23 15:10:21'),
(108, 'contact_page', '{\"title\":\"Get in touch\",\"contact_form_heading\":\"Let\\u2019s get connected\",\"contact_form_sub_heading\":\"There are many variations of passages of Lorem Ipsum available, but the majority have suffered alteration in some form.\",\"contact_info_heading\":[\"Still Have Questions?\",\"Opening hours\",\"Office Address\"],\"contact_info_content\":[\" <span>Call Us We Will Be Happy To Help\\r\\n<br><a href=\\\"tel:+3301563965\\\">+3301563965<\\/a><\\/span>\",\"<span>Monday - Friday\\r\\n<br>9AM - 8PM (Eastern Time)<\\/span>\",\"<span>\\r\\n34 Balonne Street<br>\\r\\nDeauville, New South Wales<br>\\r\\nCountry  Australia\\r\\n<\\/span>\"],\"facebook_link\":\"#\",\"linkedin_link\":\"#\",\"twitter_link\":\"#\",\"youtube_link\":\"#\"}', '2023-04-23 15:15:58', '2023-04-23 15:59:36'),
(109, 'header_footer_page', '{\"footer_color\":\"#167b6a\",\"widget_1_heading\":\"About Us\",\"widget_1_content\":\"Lorem Ipsum is simply dummy text of the printing and typesetting industry. Lorem Ipsum has been the industry\'s standard dummy text ever since the 1500s, when an unknown printer took a galley of type and scrambled it to make a type specimen book.\",\"widget_2_heading\":\"Customer Service\",\"widget_2_menus\":[\"faq\",\"contact\",\"terms-condition\",\"privacy-policy\"],\"widget_3_heading\":\"Quick Explore\",\"widget_3_menus\":[\"home\",\"about\",\"features\",\"pricing\",\"blogs\"],\"copyright_text\":\"<p>Copyright \\u00a9 2025 <a href=\\\"#\\\" target=\\\"_blank\\\">Hobby Tech<\\/a>  -  All Rights Reserved.<\\/p>\",\"custom_css\":\"\"}', '2023-04-23 17:27:32', '2023-04-24 11:42:29'),
(110, 'gdpr_cookie_consent_page', '{\"cookie_consent_status\":\"1\",\"cookie_message\":\"We use cookies to enhance your browsing experience, serve personalized ads or content, and analyze our traffic. By clicking \\\"Accept\\\", you consent to our use of cookies.\"}', '2023-05-18 08:26:05', '2023-05-19 17:10:12'),
(111, 'terms-condition_page', '{\"title\":\"Terms & Condition\",\"content\":\"<h2>Terms and Conditions<\\/h2>\\r\\n<p>Welcome to our website. By accessing and using our website, you agree to comply with and be bound by the following terms and conditions:<\\/p>\\r\\n<p>&nbsp;<\\/p>\\r\\n<h3>1. Intellectual Property<\\/h3>\\r\\n<p>All content on this website, including but not limited to text, graphics, logos, images, and software, is the property of our company and is protected by intellectual property laws.<\\/p>\\r\\n<p>&nbsp;<\\/p>\\r\\n<h3>2. Use of Website<\\/h3>\\r\\n<p>You may use our website for personal and non-commercial purposes only. You may not use our website for any illegal or unauthorized purpose, including but not limited to transmitting harmful code or attempting to gain unauthorized access to our systems.<\\/p>\\r\\n<p>&nbsp;<\\/p>\\r\\n<h3>3. Privacy<\\/h3>\\r\\n<p>We respect your privacy and will handle your personal information in accordance with our Privacy Policy. By using our website, you consent to the collection, use, and disclosure of your personal information as described in our Privacy Policy.<\\/p>\\r\\n<p>&nbsp;<\\/p>\\r\\n<h3>4. Links to Third-Party Websites<\\/h3>\\r\\n<p>Our website may contain links to third-party websites. We do not endorse or control the content or policies of these websites, and your use of such websites is at your own risk.<\\/p>\\r\\n<p>&nbsp;<\\/p>\\r\\n<h3>5. Disclaimer of Warranties<\\/h3>\\r\\n<p>Our website is provided on an \\\"as is\\\" and \\\"as available\\\" basis, without warranties of any kind, including but not limited to implied warranties of merchantability, fitness for a particular purpose, and non-infringement. We do not guarantee that our website will be uninterrupted, error-free, or free from harmful code.<\\/p>\\r\\n<p>&nbsp;<\\/p>\\r\\n<h3>6. Limitation of Liability<\\/h3>\\r\\n<p>In no event shall our company be liable for any direct, indirect, incidental, consequential, special, or exemplary damages arising out of or in connection with your use of our website, even if we have been advised of the possibility of such damages.<\\/p>\\r\\n<p>&nbsp;<\\/p>\\r\\n<h3>7. Governing Law<\\/h3>\\r\\n<p>These terms and conditions shall be governed by and construed in accordance with the laws of [insert applicable jurisdiction].<\\/p>\\r\\n<p>&nbsp;<\\/p>\\r\\n<h3>8. Changes to Terms and Conditions<\\/h3>\\r\\n<p>We reserve the right to modify or update these terms and conditions at any time, without prior notice. Your continued use of our website after any changes to these terms and conditions will constitute your acceptance of such changes.<\\/p>\\r\\n<p>&nbsp;<\\/p>\\r\\n<h3>9. Contact Us<\\/h3>\\r\\n<p>If you have any questions or concerns about these terms and conditions, please contact us at [insert contact information].<\\/p>\"}', '2025-03-08 03:47:29', '2025-03-08 03:47:29'),
(112, 'privacy-policy_page', '{\"title\":\"Privacy Policy\",\"content\":\"<h2>Privacy Policy<\\/h2>\\r\\n<p>We are committed to protecting your privacy. This privacy policy explains how we collect, use, and disclose your personal information when you use our website:<\\/p>\\r\\n<p>&nbsp;<\\/p>\\r\\n<h3>1. Information We Collect<\\/h3>\\r\\n<p>We may collect various types of information from you, including but not limited to:<\\/p>\\r\\n<ul>\\r\\n<li>Personal information such as your name, email address, and contact details.<\\/li>\\r\\n<li>Usage information such as your IP address, browser type, and pages visited on our website.<\\/li>\\r\\n<li>Cookies and other tracking technologies that may be used to collect information about your browsing behavior on our website.<\\/li>\\r\\n<\\/ul>\\r\\n<h3>&nbsp;<\\/h3>\\r\\n<h3>2. Use of Information<\\/h3>\\r\\n<p>We may use your personal information for the following purposes:<\\/p>\\r\\n<ul>\\r\\n<li>To provide and improve our services, products, and website.<\\/li>\\r\\n<li>To communicate with you and respond to your inquiries.<\\/li>\\r\\n<li>To send you promotional offers and updates with your consent, which you may opt out of at any time.<\\/li>\\r\\n<li>To comply with legal and regulatory requirements.<\\/li>\\r\\n<\\/ul>\\r\\n<h3>&nbsp;<\\/h3>\\r\\n<h3>3. Disclosure of Information<\\/h3>\\r\\n<p>We may disclose your personal information to third parties in the following circumstances:<\\/p>\\r\\n<ul>\\r\\n<li>To service providers who assist us in operating our website and conducting our business.<\\/li>\\r\\n<li>To comply with legal and regulatory requirements, or to protect our rights and property.<\\/li>\\r\\n<li>With your consent, or as otherwise required or permitted by law.<\\/li>\\r\\n<\\/ul>\\r\\n<h3>&nbsp;<\\/h3>\\r\\n<h3>4. Security<\\/h3>\\r\\n<p>We take appropriate measures to protect the security of your personal information, but please be aware that no method of transmission over the internet or electronic storage is completely secure.<\\/p>\\r\\n<h3>&nbsp;<\\/h3>\\r\\n<h3>5. Links to Third-Party Websites<\\/h3>\\r\\n<p>Our website may contain links to third-party websites. We do not endorse or control the content or policies of these websites, and our privacy policy does not apply to them. Please review the privacy policies of these third-party websites before providing them with any personal information.<\\/p>\\r\\n<h3>&nbsp;<\\/h3>\\r\\n<h3>6. Children\'s Privacy<\\/h3>\\r\\n<p>Our website is not intended for children under the age of 13. We do not knowingly collect personal information from children under the age of 13. If we become aware that we have collected personal information from a child under the age of 13, we will take steps to delete such information.<\\/p>\\r\\n<h3>&nbsp;<\\/h3>\\r\\n<h3>7. Changes to Privacy Policy<\\/h3>\\r\\n<p>We reserve the right to modify or update this privacy policy at any time, without prior notice. Your continued use of our website after any changes to this privacy policy will constitute your acceptance of such changes.<\\/p>\\r\\n<h3>&nbsp;<\\/h3>\\r\\n<h3>8. Contact Us<\\/h3>\\r\\n<p>If you have any questions or concerns about our privacy policy, please contact us at [insert contact information].<\\/p>\"}', '2025-03-08 03:48:23', '2025-03-08 03:48:23');


INSERT INTO `setting_translations` (`id`, `setting_id`, `locale`, `value`, `created_at`, `updated_at`) VALUES
(1, 101, 'English---us', '{\"title\":\"Home - Credit Lite\",\"hero_heading\":\"Welcome to Credit Lite<br> Smart Co-Operative Solution\",\"hero_sub_heading\":\"It is a long established fact that a reader will be distracted by the readable content of a page when looking at its layout.\",\"get_started_text\":\"Get Started\",\"get_started_link\":\"\",\"features_status\":\"1\",\"features_heading\":\"Explore Our Features\",\"features_sub_heading\":\"There are many variations of passages of Lorem Ipsum available, but the majority have suffered alteration in some form.\",\"pricing_status\":\"1\",\"pricing_heading\":\"Check Our Pricing\",\"pricing_sub_heading\":\"Best pricing plan for all level of customers. Choose the best one for your business.\",\"blog_status\":\"1\",\"blog_heading\":\"Recent posts form our Blog\",\"blog_sub_heading\":\"There are many variations of passages of Lorem Ipsum available, but the majority have suffered alteration in some form.\",\"testimonials_status\":\"1\",\"testimonials_heading\":\"What Customers Say About Us\",\"testimonials_sub_heading\":\"There are many variations of passages of Lorem Ipsum available, but the majority have suffered alteration in some form.\",\"newsletter_status\":\"1\",\"newsletter_heading\":\"Subscribe Our Newsletter\",\"newsletter_sub_heading\":\"We care about privacy, and will never share your data.\"}', '2023-04-22 10:50:19', '2023-05-19 17:03:23'),
(2, 102, 'English---us', '{\"title\":\"About Us\",\"section_1_heading\":\"What is Credit Lite?\",\"section_1_content\":\"<p>Lorem ipsum dolor sit amet, consectetur adipisicing elit, sed do eiusmod tempor incididunt ut labore et dolore magna aliqua. Ut enim ad minim veniam, quis nostrud exercitation ullamco laboris nisi ut aliquip ex ea commodo consequat. Duis aute irure dolor in reprehenderit in voluptate velit esse cillum dolore eu fugiat nulla pariatur.<\\/p>\\r\\n<p>Ut enim ad minim veniam, quis nostrud exercitation ullamco laboris nisi ut aliquip ex ea commodo consequat. Duis aute irure dolor in reprehenderit in voluptate velit esse cillum dolore eu fugiat nulla pariatur.<\\/p>\",\"section_2_heading\":\"Who We Are?\",\"section_2_content\":\"<p class=\\\"lead\\\">Insight loan advisors is completely independent loan advising service and our directory of lenders gives you all the information lorem ipsums sitamets.<\\/p>\\r\\n<div class=\\\"content\\\">Lorem ipsum dolor sit amet, consectetur adipiscing elit. Consv peent esque urna. Ac eu fringilla intea dger egadv estas ut. Sed vulutate aenean nunc quis a urna morbi id vitae. Vulpuate nisl<\\/div>\",\"section_3_heading\":\"What We Offer?\",\"section_3_content\":\"<p class=\\\"lead\\\">Our loan sanction is one of the quicke with eas documentation and doorstep lorem ipsum serviceullam dolor sitisi.<\\/p>\\r\\n<div class=\\\"content\\\">\\r\\n<ul>\\r\\n<li>Habit building in essential steps choose habit<\\/li>\\r\\n<li>Get an overview of Habit Calendars Latest Posts<\\/li>\\r\\n<li>Start building habit with Habitify on platform<\\/li>\\r\\n<\\/ul>\\r\\n<\\/div>\",\"team_status\":\"1\",\"team_heading\":\"People Behind Us\",\"team_sub_heading\":\"There are many variations of passages of Lorem Ipsum available, but the majority have suffered alteration in some form.\"}', '2023-04-23 14:51:55', '2023-04-23 14:51:55'),
(3, 103, 'English---us', '{\"title\":\"Pricing\",\"pricing_heading\":\"Check Our Pricing\",\"pricing_sub_heading\":\"Best pricing plan for all level of customers. Choose the best one for your business.\"}', '2023-04-23 15:03:41', '2023-04-24 10:49:49'),
(4, 104, 'English---us', '{\"title\":\"Features\",\"features_status\":\"1\",\"features_heading\":\"Explore Our Features\",\"features_sub_heading\":\"There are many variations of passages of Lorem Ipsum available, but the majority have suffered alteration in some form.\"}', '2023-04-23 15:04:16', '2023-04-23 15:04:16'),
(5, 105, 'English---us', '{\"title\":\"Blogs\",\"blogs_status\":\"1\",\"blogs_heading\":\"Recent posts form our Blog\",\"blogs_sub_heading\":\"There are many variations of passages of Lorem Ipsum available, but the majority have suffered alteration in some form.\"}', '2023-04-23 15:06:31', '2023-04-23 15:06:31'),
(6, 106, 'English---us', '{\"title\":\"FAQ\",\"features_status\":\"1\",\"features_heading\":\"Frequently Asked Questions\",\"features_sub_heading\":\"There are many variations of passages of Lorem Ipsum available, but the majority have suffered alteration in some form.\"}', '2023-04-23 15:08:17', '2023-04-23 15:08:17'),
(7, 107, 'English---us', '{\"title\":\"FAQ\",\"faq_status\":\"1\",\"faq_heading\":\"Frequently Asked Questions\",\"faq_sub_heading\":\"There are many variations of passages of Lorem Ipsum available, but the majority have suffered alteration in some form.\"}', '2023-04-23 15:10:21', '2023-04-23 15:10:21'),
(8, 108, 'English---us', '{\"title\":\"Get in touch\",\"contact_form_heading\":\"Let\\u2019s get connected\",\"contact_form_sub_heading\":\"There are many variations of passages of Lorem Ipsum available, but the majority have suffered alteration in some form.\",\"contact_info_heading\":[\"Still Have Questions?\",\"Opening hours\",\"Office Address\"],\"contact_info_content\":[\" <span>Call Us We Will Be Happy To Help\\r\\n<br><a href=\\\"tel:+3301563965\\\">+3301563965<\\/a><\\/span>\",\"<span>Monday - Friday\\r\\n<br>9AM - 8PM (Eastern Time)<\\/span>\",\"<span>\\r\\n34 Balonne Street<br>\\r\\nDeauville, New South Wales<br>\\r\\nCountry  Australia\\r\\n<\\/span>\"],\"facebook_link\":\"#\",\"linkedin_link\":\"#\",\"twitter_link\":\"#\",\"youtube_link\":\"#\"}', '2023-04-23 15:15:58', '2023-04-23 15:59:36'),
(9, 109, 'English---us', '{\"top_header_color\":\"#5034fc\",\"footer_color\":\"#167b6a\",\"widget_1_heading\":\"About Us\",\"widget_1_content\":\"Lorem Ipsum is simply dummy text of the printing and typesetting industry. Lorem Ipsum has been the industry\'s standard dummy text ever since the 1500s, when an unknown printer took a galley of type and scrambled it to make a type specimen book.\",\"widget_2_heading\":\"Customer Service\",\"widget_2_menus\":[\"faq\",\"contact\",\"terms-condition\",\"privacy-policy\"],\"widget_3_heading\":\"Quick Explore\",\"widget_3_menus\":[\"home\",\"about\",\"features\",\"pricing\",\"blogs\"],\"copyright_text\":\"<p>Copyright \\u00a9 2025 <a href=\\\"#\\\" target=\\\"_blank\\\">Hobby Tech<\\/a>  -  All Rights Reserved.<\\/p>\",\"custom_css\":\"\"}', '2023-04-23 17:27:32', '2023-04-24 11:42:29'),
(12, 110, 'Spanish---es', '{\"cookie_message\":\"Usamos cookies para mejorar su experiencia de navegaci\\u00f3n, mostrar anuncios o contenido personalizados y analizar nuestro tr\\u00e1fico. Al hacer clic en \\\"Aceptar\\\", acepta nuestro uso de cookies.\"}', '2023-05-18 08:26:05', '2023-05-18 08:26:48'),
(13, 110, 'English---us', '{\"cookie_message\":\"We use cookies to enhance your browsing experience, serve personalized ads or content, and analyze our traffic. By clicking \\\"Accept\\\", you consent to our use of cookies.\"}', '2023-05-18 08:26:10', '2023-05-19 17:10:12'),
(10, 111, 'English---us', '{\"title\":\"Terms & Condition\",\"content\":\"<h2>Terms and Conditions<\\/h2>\\r\\n<p>Welcome to our website. By accessing and using our website, you agree to comply with and be bound by the following terms and conditions:<\\/p>\\r\\n<p>&nbsp;<\\/p>\\r\\n<h3>1. Intellectual Property<\\/h3>\\r\\n<p>All content on this website, including but not limited to text, graphics, logos, images, and software, is the property of our company and is protected by intellectual property laws.<\\/p>\\r\\n<p>&nbsp;<\\/p>\\r\\n<h3>2. Use of Website<\\/h3>\\r\\n<p>You may use our website for personal and non-commercial purposes only. You may not use our website for any illegal or unauthorized purpose, including but not limited to transmitting harmful code or attempting to gain unauthorized access to our systems.<\\/p>\\r\\n<p>&nbsp;<\\/p>\\r\\n<h3>3. Privacy<\\/h3>\\r\\n<p>We respect your privacy and will handle your personal information in accordance with our Privacy Policy. By using our website, you consent to the collection, use, and disclosure of your personal information as described in our Privacy Policy.<\\/p>\\r\\n<p>&nbsp;<\\/p>\\r\\n<h3>4. Links to Third-Party Websites<\\/h3>\\r\\n<p>Our website may contain links to third-party websites. We do not endorse or control the content or policies of these websites, and your use of such websites is at your own risk.<\\/p>\\r\\n<p>&nbsp;<\\/p>\\r\\n<h3>5. Disclaimer of Warranties<\\/h3>\\r\\n<p>Our website is provided on an \\\"as is\\\" and \\\"as available\\\" basis, without warranties of any kind, including but not limited to implied warranties of merchantability, fitness for a particular purpose, and non-infringement. We do not guarantee that our website will be uninterrupted, error-free, or free from harmful code.<\\/p>\\r\\n<p>&nbsp;<\\/p>\\r\\n<h3>6. Limitation of Liability<\\/h3>\\r\\n<p>In no event shall our company be liable for any direct, indirect, incidental, consequential, special, or exemplary damages arising out of or in connection with your use of our website, even if we have been advised of the possibility of such damages.<\\/p>\\r\\n<p>&nbsp;<\\/p>\\r\\n<h3>7. Governing Law<\\/h3>\\r\\n<p>These terms and conditions shall be governed by and construed in accordance with the laws of [insert applicable jurisdiction].<\\/p>\\r\\n<p>&nbsp;<\\/p>\\r\\n<h3>8. Changes to Terms and Conditions<\\/h3>\\r\\n<p>We reserve the right to modify or update these terms and conditions at any time, without prior notice. Your continued use of our website after any changes to these terms and conditions will constitute your acceptance of such changes.<\\/p>\\r\\n<p>&nbsp;<\\/p>\\r\\n<h3>9. Contact Us<\\/h3>\\r\\n<p>If you have any questions or concerns about these terms and conditions, please contact us at [insert contact information].<\\/p>\"}', '2025-03-08 03:47:29', '2025-03-08 03:47:29'),
(11, 112, 'English---us', '{\"title\":\"Privacy Policy\",\"content\":\"<h2>Privacy Policy<\\/h2>\\r\\n<p>We are committed to protecting your privacy. This privacy policy explains how we collect, use, and disclose your personal information when you use our website:<\\/p>\\r\\n<p>&nbsp;<\\/p>\\r\\n<h3>1. Information We Collect<\\/h3>\\r\\n<p>We may collect various types of information from you, including but not limited to:<\\/p>\\r\\n<ul>\\r\\n<li>Personal information such as your name, email address, and contact details.<\\/li>\\r\\n<li>Usage information such as your IP address, browser type, and pages visited on our website.<\\/li>\\r\\n<li>Cookies and other tracking technologies that may be used to collect information about your browsing behavior on our website.<\\/li>\\r\\n<\\/ul>\\r\\n<h3>&nbsp;<\\/h3>\\r\\n<h3>2. Use of Information<\\/h3>\\r\\n<p>We may use your personal information for the following purposes:<\\/p>\\r\\n<ul>\\r\\n<li>To provide and improve our services, products, and website.<\\/li>\\r\\n<li>To communicate with you and respond to your inquiries.<\\/li>\\r\\n<li>To send you promotional offers and updates with your consent, which you may opt out of at any time.<\\/li>\\r\\n<li>To comply with legal and regulatory requirements.<\\/li>\\r\\n<\\/ul>\\r\\n<h3>&nbsp;<\\/h3>\\r\\n<h3>3. Disclosure of Information<\\/h3>\\r\\n<p>We may disclose your personal information to third parties in the following circumstances:<\\/p>\\r\\n<ul>\\r\\n<li>To service providers who assist us in operating our website and conducting our business.<\\/li>\\r\\n<li>To comply with legal and regulatory requirements, or to protect our rights and property.<\\/li>\\r\\n<li>With your consent, or as otherwise required or permitted by law.<\\/li>\\r\\n<\\/ul>\\r\\n<h3>&nbsp;<\\/h3>\\r\\n<h3>4. Security<\\/h3>\\r\\n<p>We take appropriate measures to protect the security of your personal information, but please be aware that no method of transmission over the internet or electronic storage is completely secure.<\\/p>\\r\\n<h3>&nbsp;<\\/h3>\\r\\n<h3>5. Links to Third-Party Websites<\\/h3>\\r\\n<p>Our website may contain links to third-party websites. We do not endorse or control the content or policies of these websites, and our privacy policy does not apply to them. Please review the privacy policies of these third-party websites before providing them with any personal information.<\\/p>\\r\\n<h3>&nbsp;<\\/h3>\\r\\n<h3>6. Children\'s Privacy<\\/h3>\\r\\n<p>Our website is not intended for children under the age of 13. We do not knowingly collect personal information from children under the age of 13. If we become aware that we have collected personal information from a child under the age of 13, we will take steps to delete such information.<\\/p>\\r\\n<h3>&nbsp;<\\/h3>\\r\\n<h3>7. Changes to Privacy Policy<\\/h3>\\r\\n<p>We reserve the right to modify or update this privacy policy at any time, without prior notice. Your continued use of our website after any changes to this privacy policy will constitute your acceptance of such changes.<\\/p>\\r\\n<h3>&nbsp;<\\/h3>\\r\\n<h3>8. Contact Us<\\/h3>\\r\\n<p>If you have any questions or concerns about our privacy policy, please contact us at [insert contact information].<\\/p>\"}', '2025-03-08 03:48:23', '2025-03-08 03:48:23');

